filepath,open_access,publisher,body_format,line_count,doi,pmcid,document_type,ambiguity_flag
/Users/aretesofia/IbogaineVault/1957/Schneider1957_Neuropharmacological_Studies_Ibogaine.md,unknown,,vault-analytical,110,,,preclinical,
/Users/aretesofia/IbogaineVault/1969/Naranjo1969_Psychotherapeutic_Possibilities_Fantasy-Enhancing_Drugs.md,unknown,,narrative,257,,,case-series,narrative-review
/Users/aretesofia/IbogaineVault/1971/Dhahir1971_Ibogaine_Serotonin_Toxicity.md,true,,hybrid,196,,,thesis,
/Users/aretesofia/IbogaineVault/1991/Glick1991_Ibogaine_Morphine_Self_Administration.md,false,Elsevier,hybrid,92,10.1016/0014-2999(91)90474-5,,preclinical,
/Users/aretesofia/IbogaineVault/1991/Maisonneuve1991_Ibogaine_Morphine_Microdialysis.md,false,Elsevier,hybrid,109,10.1016/0014-2999(91)90634-3,,preclinical,
/Users/aretesofia/IbogaineVault/1992/Deecher1992_Radioligand_Binding_Mechanisms.md,false,Elsevier,vault-analytical,95,10.1016/0006-8993(92)90661-R,,in-vitro,
/Users/aretesofia/IbogaineVault/1992/Frances1992_Ibogaine_Morphine_Withdrawal_Mice.md,unknown,,vault-analytical,93,,,preclinical,
/Users/aretesofia/IbogaineVault/1992/Glick1992_Ibogaine_Morphine_Withdrawal_Rats.md,unknown,,hybrid,123,,,preclinical,
/Users/aretesofia/IbogaineVault/1992/Sershen1992_Ibogaine_Cocaine_Locomotor.md,false,Elsevier,vault-analytical,73,10.1016/0024-3205(92)90344-O,,preclinical,
/Users/aretesofia/IbogaineVault/1993/Cappendijk1993_Ibogaine_Cocaine_Self_Administration.md,false,Elsevier,hybrid,69,10.1016/0014-2999(93)90212-Z,,preclinical,
/Users/aretesofia/IbogaineVault/1993/OHearn1993_Purkinje_Cell_Degeneration.md,false,Elsevier,vault-analytical,104,10.1016/0306-4522(93)90500-f,,brief-communication,
/Users/aretesofia/IbogaineVault/1994/Glick1994_Iboga_Alkaloids_Self_Administration.md,false,Elsevier,vault-analytical,68,10.1016/0006-8993(94)90948-2,,preclinical,
/Users/aretesofia/IbogaineVault/1994/Popik1994_Ibogaine_NMDA_MK801_Binding.md,unknown,,vault-analytical,49,"journal: ""Psychopharmacology""",,brief-communication,
/Users/aretesofia/IbogaineVault/1994/Sershen1994_Ibogaine_Cocaine_Preference_Mice.md,false,Elsevier,vault-analytical,114,10.1016/0091-3057(94)90105-8,,preclinical,
/Users/aretesofia/IbogaineVault/1994/Sheppard1994_Preliminary_Investigation_Ibogaine.md,false,Elsevier,hybrid,211,10.1016/0740-5472(94)90049-3,,case-series,
/Users/aretesofia/IbogaineVault/1995/Bowen1995_Sigma_Receptor_Selectivity.md,false,Elsevier,vault-analytical,69,10.1016/0014-2999(95)00247-I,,brief-communication,
/Users/aretesofia/IbogaineVault/1995/Dworkin1995_Ibogaine_Food_Cocaine_Heroin_Rats.md,unknown,,vault-analytical,99,,,preclinical,
/Users/aretesofia/IbogaineVault/1995/Hearn1995_Noribogaine_Metabolite.md,unknown,,vault-analytical,100,,,in-vitro,
/Users/aretesofia/IbogaineVault/1995/Mash1995_Noribogaine_SERT_Identification.md,false,Elsevier,vault-analytical,71,10.1016/0024-3205(95)00273-9,,brief-communication,
/Users/aretesofia/IbogaineVault/1995/Pearl1995_Noribogaine_Opioid_Binding.md,false,Elsevier,vault-analytical,73,10.1016/0006-8993(95)00123-8,,brief-communication,
/Users/aretesofia/IbogaineVault/1995/Popik1995_100Years_Ibogaine_Review.md,unknown,,academic-retained,722,,,review,
/Users/aretesofia/IbogaineVault/1995/Rezvani1995_Ibogaine_Alcohol_Preferring_Rats.md,false,Elsevier,vault-analytical,95,10.1016/0091-3057(95)00152-m,,preclinical,
/Users/aretesofia/IbogaineVault/1995/Sweetnam1995_Receptor_Binding_Profile.md,false,Springer Nature,hybrid,98,10.1007/BF02245936,,in-vitro,
/Users/aretesofia/IbogaineVault/1996/Benwell1996_Ibogaine_Nicotine_Dopamine_Behaviour.md,unknown,,hybrid,147,,,preclinical,
/Users/aretesofia/IbogaineVault/1996/Chen1996_Ibogaine_NMDA_Receptor_Block.md,false,Elsevier,vault-analytical,70,10.1016/0028-3908(96)84107-4,,in-vitro,
/Users/aretesofia/IbogaineVault/1996/Glick1996_18MC_NonToxic.md,unknown,,academic-retained,269,,,preclinical,
/Users/aretesofia/IbogaineVault/1996/Hough1996_Tissue_Distribution.md,unknown,,vault-analytical,58,,,brief-communication,
/Users/aretesofia/IbogaineVault/1996/Layer1996_IbogaineAnalogs_NMDA.md,false,Elsevier,hybrid,102,10.1016/0014-2999(96)00304-4,,preclinical,
/Users/aretesofia/IbogaineVault/1996/Lotsof1996_Trauma_Abreaction.md,unknown,,academic-retained,186,,,commentary,
/Users/aretesofia/IbogaineVault/1996/Molinari1996_Ibogaine_Neurotoxicity_Reevaluation.md,false,Elsevier,vault-analytical,86,10.1016/0006-8993(96)00739-1,,preclinical,
/Users/aretesofia/IbogaineVault/1996/OCallaghan1996_Astrogliosis_Neurotoxicity.md,false,Wiley,vault-analytical,68,10.1111/j.1749-6632.1996.tb17443.x,,preclinical,
/Users/aretesofia/IbogaineVault/1996/Reid1996_Local_Ibogaine_Dopamine.md,unknown,,academic-retained,176,,,preclinical,
/Users/aretesofia/IbogaineVault/1996/Scallet1996_Ibogaine_Neurodegeneration_Rat_Mouse_Cerebellum.md,unknown,,vault-analytical,71,"journal: ""Annals of the New York Academy of Sciences""",,preclinical,
/Users/aretesofia/IbogaineVault/1996/Staley1996_Noribogaine_Receptor_Binding.md,false,Springer Nature,vault-analytical,94,10.1007/BF02805969,,in-vitro,
/Users/aretesofia/IbogaineVault/1997/Maisonneuve1997_TimeDependent_Iboga_Cocaine.md,unknown,,hybrid,180,,,preclinical,
/Users/aretesofia/IbogaineVault/1998/Glick1998_18MC_Nicotine.md,unknown,,academic-retained,143,,,preclinical,
/Users/aretesofia/IbogaineVault/1998/Glick1998_Mechanisms_Antiaddictive_Actions_Ibogaine.md,false,Wiley,hybrid,101,10.1111/j.1749-6632.1998.tb08237.x,,review,
/Users/aretesofia/IbogaineVault/1998/Luciano1998_Observations_Ibogaine_Treatment.md,false,Wiley,vault-analytical,85,10.1111/j.1521-0391.1998.tb00472.x,,brief-communication,
/Users/aretesofia/IbogaineVault/1998/Mah1998_Nicotinic_Receptor_Mechanism.md,unknown,,academic-retained,121,,,in-vitro,
/Users/aretesofia/IbogaineVault/1998/Mash1998_Medication_Development_Ibogaine.md,false,Wiley,vault-analytical,98,10.1111/j.1749-6632.1998.tb08242.x,,review,
/Users/aretesofia/IbogaineVault/1998/Obach1998_CYP2D6_Ibogaine_Metabolism.md,unknown,,vault-analytical,125,,,in-vitro,
/Users/aretesofia/IbogaineVault/1998/Pablo1998_Noribogaine_MuOpioid_Agonist.md,false,Lippincott Williams & Wilkins,vault-analytical,93,10.1097/00001756-199801050-00022,,in-vitro,
/Users/aretesofia/IbogaineVault/1998/Wittier1998_Ibogaine_GeneralReview.md,true,,narrative,67,,,journalism,narrative-review
/Users/aretesofia/IbogaineVault/1999/Alper1999_Acute_Opioid_Withdrawal.md,unknown,,academic-retained,184,,,case-series,
/Users/aretesofia/IbogaineVault/1999/Glick1999_18MC_Review_CNS_Drugs.md,false,Wiley,vault-analytical,111,10.1111/j.1527-3458.1999.tb00084.x,,review,
/Users/aretesofia/IbogaineVault/1999/Maisonneuve1999_18MC_Morphine_Reinforcement.md,false,Elsevier,hybrid,190,10.1016/S0014-2999(99)00560-9,,preclinical,
/Users/aretesofia/IbogaineVault/2000/Alper2000_Ibogaine_Acute_Opioid_Withdrawal.md,false,Wiley,hybrid,120,10.1111/j.1749-6632.2000.tb06687.x,,case-series,
/Users/aretesofia/IbogaineVault/2000/Binienda2000_Electrophysiology_IBO_Cocaine.md,unknown,,academic-retained,64,,,preclinical,
/Users/aretesofia/IbogaineVault/2000/Glick2000_18-MC.md,unknown,,academic-retained,364,,,review,
/Users/aretesofia/IbogaineVault/2000/Glick2000_Legacy_African_Shrub.md,false,Wiley,vault-analytical,85,10.1111/j.1749-6632.2000.tb06677.x,,review,
/Users/aretesofia/IbogaineVault/2000/Luciano2000_Neurologic_EEG_Medical_Observations.md,unknown,,vault-analytical,91,,,case-series,
/Users/aretesofia/IbogaineVault/2000/Mash2000_Ibogaine_Pharmacokinetics_Safety.md,unknown,,hybrid,740,,,clinical-trial,
/Users/aretesofia/IbogaineVault/2000/Mundey2000_Ibogaine_18MC_Smooth_Muscle.md,true,Springer Nature,vault-analytical,99,10.1038/sj.bjp.0703227,PMC1571996,in-vitro,
/Users/aretesofia/IbogaineVault/2000/Xu2000_Ibogaine_Neuropathology_Rat_Cerebellum.md,false,Oxford University Press,vault-analytical,86,10.1093/toxsci/57.1.95,,preclinical,
/Users/aretesofia/IbogaineVault/2001/Alper2001_Contemporary_History_Ibogaine_USA_Europe.md,unknown,,academic-retained,301,,,review,
/Users/aretesofia/IbogaineVault/2001/Alper2001_Ibogaine_Review.md,unknown,,hybrid,427,,,review,
/Users/aretesofia/IbogaineVault/2001/Baumann2001_Neurobiological_Effects_Noribogaine.md,unknown,,hybrid,133,,,preclinical,
/Users/aretesofia/IbogaineVault/2001/Fernandez2001_Returning_to_the_Path_Bwiti_Ritual_Context.md,true,,vault-analytical,85,,,book-chapter,
/Users/aretesofia/IbogaineVault/2001/Frenken2001_RootsUp_INTASH_SelfHelp.md,true,,vault-analytical,91,,,book-chapter,
/Users/aretesofia/IbogaineVault/2001/Glick2001_Mechanisms_Action_Ibogaine_18MC.md,true,Elsevier,vault-analytical,126,10.1016/S0099-9598(01)56006-X,,book-chapter,
/Users/aretesofia/IbogaineVault/2001/Lotsof2001_Case_Studies_Patient_Management.md,true,Elsevier,hybrid,196,10.1016/s0099-9598(01)56020-4,,book-chapter,
/Users/aretesofia/IbogaineVault/2001/Mash2001_Ibogaine_Heroin_Withdrawal.md,true,,academic-retained,209,,,book-chapter,
/Users/aretesofia/IbogaineVault/2002/Freelander2002_Comprehensive_Review.md,true,,academic-retained,149,,,thesis,
/Users/aretesofia/IbogaineVault/2002/Marker2002_Ibogaine_Related_Fatality.md,false,EDP Sciences,vault-analytical,68,10.1051/ata/2002012,,brief-communication,
/Users/aretesofia/IbogaineVault/2003/Hoeck2003_Enantioselective_Synthesis_Iboga_Intermediates.md,unknown,,vault-analytical,80,,,research-article,
/Users/aretesofia/IbogaineVault/2004/Bastiaans2004_Life_After_Ibogaine.md,true,,academic-retained,513,,,thesis,
/Users/aretesofia/IbogaineVault/2004/Hittner2004_Ibogaine_Treatment_Recommendations_Model_Fitting.md,false,Taylor & Francis,hybrid,153,10.1080/02791072.2004.10399729,,review,
/Users/aretesofia/IbogaineVault/2005/He2005_GDNF_Ibogaine_Alcohol.md,false,Society for Neuroscience,hybrid,59,10.1523/JNEUROSCI.3959-04.2005,,preclinical,
/Users/aretesofia/IbogaineVault/2005/Kroupa2005_Boosters_Maintenance.md,unknown,,narrative,179,,,guideline,narrative-review
/Users/aretesofia/IbogaineVault/2005/Vastag2005_Ibogaine_Vast_Uncontrolled_Experiment.md,true,AAAS,vault-analytical,74,10.1126/science.308.5720.345,,journalism,
/Users/aretesofia/IbogaineVault/2006/He2006_Ibogaine_and_GDNF.md,false,FASEB,vault-analytical,169,10.1096/fj.06-6394fje,,in-vitro,
/Users/aretesofia/IbogaineVault/2006/Kontrimaviciute2006_LCMS_Method_Ibogaine_Noribogaine.md,false,Elsevier,vault-analytical,113,10.1016/j.jchromb.2006.05.035,,in-vitro,
/Users/aretesofia/IbogaineVault/2006/Kontrimaviciute2006_Tissue_Distribution_Ibogaine_Fatality.md,false,Oxford University Press,vault-analytical,90,10.1093/jat/30.7.434,,case-report,
/Users/aretesofia/IbogaineVault/2006/Maas2006_Cardiac_Fatalities_Autonomic_Dysfunction.md,false,Elsevier,vault-analytical,91,10.1016/j.mehy.2006.02.050,,commentary,
/Users/aretesofia/IbogaineVault/2006/Paskulin2006_Ibogaine_Affects_Brain_Energy_Metabolism.md,false,Elsevier,vault-analytical,64,10.1016/j.ejphar.2006.09.008,,preclinical,
/Users/aretesofia/IbogaineVault/2007/Alper2007_Ibogaine_Treatment_Addictions.md,true,Praeger/Greenwood Publishing Group,academic-retained,316,,,book-chapter,
/Users/aretesofia/IbogaineVault/2008/Alper2008_Ibogaine_Medical_Subculture.md,false,Elsevier,vault-analytical,102,10.1016/j.jep.2007.08.034,,observational,
/Users/aretesofia/IbogaineVault/2008/Cheze2008_Ibogaine_Noribogaine_LC-MSMS_Drowning_Death.md,false,Elsevier,vault-analytical,136,10.1016/j.forsciint.2007.08.013,,case-report,
/Users/aretesofia/IbogaineVault/2008/Maciulaitis2008_Ibogaine_Pharmacology_Narrative_Review.md,false,SAGE,vault-analytical,112,10.1177/0960327107087802,,review,
/Users/aretesofia/IbogaineVault/2009/Hoelen2009_Long_QT_Ibogaine.md,false,NEJM Group,vault-analytical,77,10.1056/NEJMc0804248,,case-report,
/Users/aretesofia/IbogaineVault/2009/Paskulin2009_Translated_French_Iboga_Between_Myth_Reality.md,false,Springer Nature,academic-retained,244,10.1007/s10298-009-0366-y,,review,
/Users/aretesofia/IbogaineVault/2010/Arias2010_Interactions_Ibogaine_NicotinicAChR_Human.md,unknown,,vault-analytical,104,,,in-vitro,
/Users/aretesofia/IbogaineVault/2010/Carnicella2010_Noribogaine_18MC_GDNF.md,true,Wiley,vault-analytical,96,10.1111/j.1369-1600.2010.00251.x,PMC3783954,preclinical,
/Users/aretesofia/IbogaineVault/2010/Paskulin2010_Yeast_Enzymes_Ibogaine_Adaptation_ATP.md,false,Elsevier,vault-analytical,74,10.1016/j.ejphar.2009.10.032,,in-vitro,
/Users/aretesofia/IbogaineVault/2010/Ray2010_Psychedelics_Human_Receptorome.md,true,PLoS,academic-retained,635,10.1371/journal.pone.0009019,PMC2814854,in-vitro,
/Users/aretesofia/IbogaineVault/2011/Alper2011_Ibogaine_Inhibition_AChE.md,unknown,,academic-retained,245,,,in-vitro,
/Users/aretesofia/IbogaineVault/2011/Donnelly2011_Ibogaine_Drug_Alcohol_Addiction_Legal.md,false,Taylor & Francis,vault-analytical,185,10.1080/01947648.2011.550832,,commentary,
/Users/aretesofia/IbogaineVault/2011/Houenou2011_Ibogaine_Psychosis_Schizophrenia.md,false,Lippincott Williams & Wilkins,vault-analytical,70,10.1097/JCP.0b013e31822c6509,,case-report,
/Users/aretesofia/IbogaineVault/2011/Rodger2011_SocialContext_Subcultural_DrugPolicy.md,false,Emerald Publishing,vault-analytical,121,10.1108/17459261111174037,,commentary,
/Users/aretesofia/IbogaineVault/2012/Alper2012_Ibogaine_Fatalities.md,false,Wiley,vault-analytical,127,10.1111/j.1556-4029.2011.02008.x,,systematic-review,
/Users/aretesofia/IbogaineVault/2012/Booze2012_MPC_Ibogaine_Toxicity.md,unknown,,vault-analytical,84,,,brief-communication,
/Users/aretesofia/IbogaineVault/2012/Koenig2012_Ibogaine_hERG_Cardiac_Arrhythmia_Risk.md,true,Wiley,vault-analytical,57,10.1111/j.1369-1600.2012.00447.x,PMC4888945,brief-communication,
/Users/aretesofia/IbogaineVault/2012/Paling2012_Life_Threatening_Complications.md,unknown,,academic-retained,133,,,case-report,
/Users/aretesofia/IbogaineVault/2012/Paskulin2012_Metabolic_Plasticity_Ibogaine_Economising_Energy.md,false,Elsevier,vault-analytical,84,10.1016/j.jep.2012.06.039,,in-vitro,
/Users/aretesofia/IbogaineVault/2012/Pleskovic2012_Ibogaine_Ventricular_Tachyarrhythmias.md,false,Informa Healthcare,vault-analytical,75,10.3109/15563650.2011.647031,,case-report,
/Users/aretesofia/IbogaineVault/2012/Shawn2012_Ibogaine_TdP_VT.md,false,Informa Healthcare,vault-analytical,91,10.3109/15563650.2012.700015,,case-report,
/Users/aretesofia/IbogaineVault/2012/Sisko2012_Vanishing_World_Iboga_Sustainability.md,unknown,,narrative,395,,,conference-talk,narrative-review
/Users/aretesofia/IbogaineVault/2012/Warrick2012_Ibogaine_Fatality.md,false,Informa Healthcare,vault-analytical,106,10.3109/15563650.2012.700015,,case-report,
/Users/aretesofia/IbogaineVault/2013/Antonio2013_Iboga_Alkaloids_mu-Opioid-Receptor_Coupled_G-Protein_Activation.md,true,PLoS,academic-retained,400,10.1371/journal.pone.0077262,PMC3818563,in-vitro,
/Users/aretesofia/IbogaineVault/2013/Asua2013_Ibogaine_Toxicity_UK_Case.md,false,Oxford University Press,vault-analytical,82,10.1093/bja/aet396,,case-report,
/Users/aretesofia/IbogaineVault/2013/Brown2013_Ibogaine_Treatment_Substance_Dependence.md,false,Bentham Science,vault-analytical,142,10.2174/15672050113109990001,,review,
/Users/aretesofia/IbogaineVault/2013/Cachat2013_Ibogaine_Zebrafish.md,false,Elsevier,vault-analytical,135,10.1016/j.bbr.2012.08.041,,preclinical,
/Users/aretesofia/IbogaineVault/2013/Jalal2013_Ibogaine_Death_Heroin_Case.md,false,Wiley,vault-analytical,61,10.1111/j.1521-0391.2012.00330.x,,case-report,
/Users/aretesofia/IbogaineVault/2013/Koenig2013_Ibogaine_Cardiac_Ion_Channel_Profile.md,true,Elsevier,vault-analytical,119,10.1016/j.taap.2013.05.012,PMC3853361,in-vitro,
/Users/aretesofia/IbogaineVault/2013/Mazoyer2013_Fatality_Case.md,false,Wiley,vault-analytical,100,10.1111/1556-4029.12250,,case-report,
/Users/aretesofia/IbogaineVault/2013/Papadodima2013_Ibogaine_Sudden_Death_Case.md,false,Elsevier,vault-analytical,63,10.1016/j.jflm.2013.06.032,,case-report,
/Users/aretesofia/IbogaineVault/2014/Kingsley-Brown2014_Ibo_Tx_for_Substance_Dependence.md,unknown,,academic-retained,436,,,commentary,
/Users/aretesofia/IbogaineVault/2014/Prior2014_Ibogaine_Cocaine_Pilot_RCT.md,unknown,,vault-analytical,98,,,clinical-trial,
/Users/aretesofia/IbogaineVault/2014/Schenberg2014_Treating_Drug_Dependence_Retrospective_Study.md,false,SAGE,vault-analytical,128,10.1177/0269881114552713,,observational,
/Users/aretesofia/IbogaineVault/2014/Thurner2014_hERG_Channel_Block_Ibogaine.md,false,ASPET,vault-analytical,94,10.1124/jpet.113.209643,,in-vitro,
/Users/aretesofia/IbogaineVault/2014/Vlaanderen2014_Cardiac_Arrest_Ibogaine.md,false,Informa Healthcare,vault-analytical,66,10.3109/15563650.2014.927477,,case-report,
/Users/aretesofia/IbogaineVault/2015/Breuer2015_Herbal_Seizures_Case_Report.md,true,BioMed Central,academic-retained,241,10.1186/s13256-015-0731-4,PMC4628299,case-report,
/Users/aretesofia/IbogaineVault/2015/Gassaway2015_Iboga_Alkaloid_Skeleton_GDNF_Release.md,false,American Chemical Society,vault-analytical,71,10.1021/acschembio.5b00678,,in-vitro,
/Users/aretesofia/IbogaineVault/2015/Glue2015_Ibogaine_CYP2D6_Activity.md,false,Wiley,vault-analytical,80,10.1002/jcph.471,,clinical-trial,
/Users/aretesofia/IbogaineVault/2015/Glue2015_Noribogaine_Ascending_Doses.md,false,Wiley,vault-analytical,107,10.1002/jcph.404,,clinical-trial,
/Users/aretesofia/IbogaineVault/2015/Hildyard2015_QT_Prolongation_TdP_Ibogaine.md,false,Elsevier,vault-analytical,85,10.1016/j.jemermed.2015.06.051,,case-report,
/Users/aretesofia/IbogaineVault/2015/Koenig2015_Cardiac_Mechanisms.md,true,MDPI,hybrid,462,10.3390/molecules20022208,PMC4382526,review,
/Users/aretesofia/IbogaineVault/2015/Marta2015_Ibogaine_Mania_Case_Reports.md,false,Wiley,vault-analytical,121,10.1111/ajad.12209,,case-series,
/Users/aretesofia/IbogaineVault/2015/Nikolic-Kokic2015_ExVivo_Ibogaine_Antioxidative_Enzymes_Human_Erythrocytes.md,false,Elsevier,vault-analytical,91,10.1016/j.jep.2015.01.037,,in-vitro,
/Users/aretesofia/IbogaineVault/2015/OConnell2015_Internet_Ibogaine_Toxicity.md,false,Elsevier,vault-analytical,76,10.1016/j.ajem.2014.12.023,,case-report,
/Users/aretesofia/IbogaineVault/2016/Alper2016_hERG_Blockade.md,false,Springer Nature,vault-analytical,108,10.1007/s12012-015-9311-5,,in-vitro,
/Users/aretesofia/IbogaineVault/2016/Belgers2016_Ibogaine_Addiction_Animal_Model_Review_Meta-analysis.md,true,Springer Nature,academic-retained,530,10.1038/tp.2016.71,PMC5545647,systematic-review,
/Users/aretesofia/IbogaineVault/2016/CloutierGill2016_Ibogaine_OUD_Case_Report.md,true,Taylor & Francis,vault-analytical,85,10.1080/02791072.2016.1180467,PMC4993099,case-report,
/Users/aretesofia/IbogaineVault/2016/Forsyth2016_Low_Dose_Ibogaine_Mood_State_Psychological_Performance.md,false,Elsevier,vault-analytical,92,10.1016/j.jep.2016.05.022,,clinical-trial,
/Users/aretesofia/IbogaineVault/2016/Glue2016_Noribogaine_Opioid_Patients_Safety.md,false,Wiley,vault-analytical,122,10.1002/cpdd.254,,clinical-trial,
/Users/aretesofia/IbogaineVault/2016/Glue2016b_Methadone_Morphine_Switch.md,false,Wiley,vault-analytical,86,10.1002/jcph.704,,clinical-trial,
/Users/aretesofia/IbogaineVault/2016/Litjens2016_How_Toxic_Is_Ibogaine.md,false,Informa Healthcare,vault-analytical,124,10.3109/15563650.2016.1138226,,review,
/Users/aretesofia/IbogaineVault/2016/Mash2016_Oral_Noribogaine_High_Brain_Uptake_Anti-WD_Effects.md,false,SAGE,hybrid,128,10.1177/0269881116641331,,preclinical,
/Users/aretesofia/IbogaineVault/2016/Meisner2016_Cardiac_Arrest_Death_Case.md,true,SAGE,academic-retained,164,10.1177/2045125315626073,PMC4837967,case-report,
/Users/aretesofia/IbogaineVault/2016/Schep2016_Ibogaine_Safe_Dose.md,false,Elsevier,vault-analytical,78,10.1016/j.drugalcdep.2016.07.005,,review,
/Users/aretesofia/IbogaineVault/2017/Davis2017_Ibogaine_Opioid_Outcomes.md,true,Akadémiai Kiadó,vault-analytical,110,10.1556/2054.01.2017.009,PMC6157925,observational,
/Users/aretesofia/IbogaineVault/2017/DosSantos2017_Antiaddictive_Ibogaine_Systematic_Review.md,false,Akadémiai Kiadó,vault-analytical,92,10.1556/2054.01.2016.001,,systematic-review,
/Users/aretesofia/IbogaineVault/2017/Heink2017_Phenomenology_Ibogaine_ASC.md,false,Taylor & Francis,vault-analytical,227,10.1080/02791072.2017.1290855,,qualitative,
/Users/aretesofia/IbogaineVault/2017/Henstra2017_Ibogaine_Noribogaine_Toxicokinetics_Cardiac.md,false,Taylor & Francis,vault-analytical,85,10.1080/15563650.2017.1287372,,case-report,
/Users/aretesofia/IbogaineVault/2017/Lavaud2017_Iboga_Alkaloids_Chemistry_Review.md,false,Springer Nature,vault-analytical,141,10.1007/978-3-319-49712-9_2,,review,
/Users/aretesofia/IbogaineVault/2017/Noller2017_Ibogaine_Opioid_12Month_Outcomes.md,false,Taylor & Francis,vault-analytical,117,10.1080/00952990.2017.1310218,,observational,
/Users/aretesofia/IbogaineVault/2017/Rubi2017_hERG_iPSC_Cardiomyocytes.md,true,Springer Nature,academic-retained,175,10.1007/s12012-016-9366-y,PMC5334404,in-vitro,
/Users/aretesofia/IbogaineVault/2017/Wilkins2017_Methadone_Low_Dose.md,false,Akadémiai Kiadó,academic-retained,153,10.1556/2054.01.2017.005,,case-report,
/Users/aretesofia/IbogaineVault/2018/Bading-Taika2018_Phytochemicals_Iboga_RB_Effects_Dysfunctional_Metabolism_Cognitive_Performance_Mice.md,unknown,Food Science Publisher,academic-retained,346,10.31665/JFB.2018.3154,,preclinical,
/Users/aretesofia/IbogaineVault/2018/Barsuglia2018_SPECT_Ibogaine_5-Meo-DMT_Alcohol_Use_Disorder.md,false,Elsevier,vault-analytical,99,10.1016/bs.pbr.2018.08.002,,case-report,
/Users/aretesofia/IbogaineVault/2018/Brown2018_OUD_Detoxification_Outcomes.md,false,Taylor & Francis,vault-analytical,248,10.1080/00952990.2017.1320802,,observational,
/Users/aretesofia/IbogaineVault/2018/Camlin2018_Phenomenological_Ibogaine_Opioid_Use.md,false,Akadémiai Kiadó,hybrid,226,10.1556/2054.2018.004,,qualitative,
/Users/aretesofia/IbogaineVault/2018/Corkery2018_Ibogaine_Benefits_Dangers_Fatalities.md,true,Elsevier,vault-analytical,119,10.1016/bs.pbr.2018.08.005,,book-chapter,
/Users/aretesofia/IbogaineVault/2018/Davis2018_Mixed_Method_Persisting_Effects.md,true,Taylor & Francis,vault-analytical,81,10.1080/02791072.2018.1487607,PMC6247813,observational,
/Users/aretesofia/IbogaineVault/2018/Gonzalez2018_Ibogaine_Rats_Wakefulness_REM_Suppression.md,true,Frontiers,academic-retained,324,10.3389/fphar.2018.00374,PMC5934978,preclinical,
/Users/aretesofia/IbogaineVault/2018/Knuijver2018_HPPD_Ibogaine_Case_Report.md,false,Lippincott Williams & Wilkins,vault-analytical,80,10.1097/JCP.0000000000000966,,case-report,
/Users/aretesofia/IbogaineVault/2018/Ly2018_Psychedelics_Neural_Plasticity.md,true,Elsevier,vault-analytical,75,10.1016/j.celrep.2018.05.022,PMC6082376,in-vitro,
/Users/aretesofia/IbogaineVault/2018/Malcolm2018_Opioid_Withdrawal_Craving_Ibogaine.md,false,Taylor & Francis,vault-analytical,118,10.1080/02791072.2018.1447175,,observational,
/Users/aretesofia/IbogaineVault/2018/Mash2018_Ibogaine_Detox_Opioid_Cocaine_Clinical_Observations_Tx_Outcomes.md,true,Frontiers,academic-retained,412,10.3389/fphar.2018.00529,PMC5996271,observational,
/Users/aretesofia/IbogaineVault/2018/Orescanin-Dusic2018_Ibogaine_Uterine_Smooth_Muscle_Contractions_Relation_to_Antioxidant_Enzymes.md,true,Hindawi,academic-retained,332,10.1155/2018/5969486,PMC5828116,in-vitro,
/Users/aretesofia/IbogaineVault/2018/Rodger2018_Healing_Potential_Ibogaine.md,false,Wiley,vault-analytical,110,10.1111/anoc.12088,,qualitative,
/Users/aretesofia/IbogaineVault/2018/Steinberg2018_Cardiac_Arrest_Case.md,true,Wiley,academic-retained,160,10.1002/joa3.12061,PMC6111465,case-report,
/Users/aretesofia/IbogaineVault/2018/Wasko2018_Ibogaine_DARK_Classics_in_Chemical_Neuroscience.md,false,American Chemical Society,vault-analytical,99,10.1021/acschemneuro.8b00294,,review,
/Users/aretesofia/IbogaineVault/2019/Bouso2019_Product_Quality.md,true,SciELO,academic-retained,294,10.1590/0101-60830000000231,,observational,
/Users/aretesofia/IbogaineVault/2019/Brown2019_Ibogaine_Subjective_Experience_OUD.md,false,Taylor & Francis,hybrid,207,10.1080/02791072.2019.1598603,,observational,
/Users/aretesofia/IbogaineVault/2019/Coleman2019_SERT-Ibogaine_Complexes_Illuminate_Inhibition_Transport_Mechanisms.md,true,Springer Nature,academic-retained,565,10.1038/s41586-019-1135-1,PMC6750207,in-vitro,
/Users/aretesofia/IbogaineVault/2019/Grogan2019_Seizures_QT_Prolongation_Cardiac.md,false,Elsevier,vault-analytical,86,10.1016/j.jemermed.2019.06.052,,case-report,
/Users/aretesofia/IbogaineVault/2019/Iyer2019_Iboga_Enigma_Chemistry_Neuropharmacology_Alkaloids_Analogs.md,true,Royal Society of Chemistry,vault-analytical,140,10.1039/d0np00033g,PMC7882011,review,
/Users/aretesofia/IbogaineVault/2019/Marton2019_Ibogaine_GDNF_BDNF.md,true,Frontiers,academic-retained,460,10.3389/fphar.2019.00193,PMC6411846,preclinical,
/Users/aretesofia/IbogaineVault/2020/Barber2020_Consumer_Views_Online_Fora.md,false,Elsevier,vault-analytical,120,10.1016/j.drugpo.2020.102857,,qualitative,
/Users/aretesofia/IbogaineVault/2020/Bhat2020_Tropane_Ibo_Analog_SERT_DAT.md,true,American Chemical Society,vault-analytical,121,10.1021/acsptsci.0c00102,PMC8033614,in-vitro,
/Users/aretesofia/IbogaineVault/2020/Canessa2020_Ibogaine_Noribogaine_in_Tx_Review_Safety_Efficacy.md,true,,academic-retained,476,,,thesis,
/Users/aretesofia/IbogaineVault/2020/Davis2020_SpecialOps_Veterans_Trauma.md,true,SAGE,academic-retained,345,10.1177/2470547020939564,PMC7359647,observational,
/Users/aretesofia/IbogaineVault/2020/Ekaghba2020_Acute_Toxicity_Aqueous_Iboga_TA.md,unknown,,vault-analytical,96,,,preclinical,
/Users/aretesofia/IbogaineVault/2020/Kohek2020_Qualitive_Study_Acute_Subjective_Effects_of_Ibogaine.md,false,Wiley,vault-analytical,100,10.1111/anoc.12119,,qualitative,
/Users/aretesofia/IbogaineVault/2020/Rodriguez2020_Ibogaine_Noribogaine_Antidepressant_Rats.md,false,American Chemical Society,vault-analytical,112,10.1021/acschemneuro.0c00152,,preclinical,
/Users/aretesofia/IbogaineVault/2020/Wilson2020_Novel_Tx_OUD_Ibogaine_Iboga_Case_Study.md,false,Akadémiai Kiadó,vault-analytical,102,10.1556/2054.2020.00133,,case-report,
/Users/aretesofia/IbogaineVault/2021/Acimovic2021_Ibogaine_Death_Case_Report.md,false,Springer Nature,vault-analytical,68,10.1007/s12024-020-00342-0,,case-report,
/Users/aretesofia/IbogaineVault/2021/Bekale2021_Holy_Spirit_Iboga_Bwiti.md,unknown,,vault-analytical,151,,,review,
/Users/aretesofia/IbogaineVault/2021/Cameron2021_Tabernanthalog_Non_Hallucinogenic_Analog.md,true,Springer Nature,vault-analytical,101,10.1038/s41586-020-3008-z,PMC7874389,preclinical,
/Users/aretesofia/IbogaineVault/2021/Havel2021_Oxa-Iboga_Opioid_Addiction.md,true,Cold Spring Harbor,academic-retained,323,10.1101/2021.07.22.453441,,preclinical,
/Users/aretesofia/IbogaineVault/2021/Knuijver2021_Safety_Opioid_Detox.md,true,Wiley,vault-analytical,143,10.1111/add.15448,PMC9292417,clinical-trial,
/Users/aretesofia/IbogaineVault/2021/Lotsof2021_To_Have_or_Have_Not.md,true,Dora Weiner Foundation,narrative,70,,,primary-source,narrative-review
/Users/aretesofia/IbogaineVault/2021/Lukasiewicz2021_Serotonergic_Psychedelics_Neuroplasticity.md,true,Frontiers,vault-analytical,87,10.3389/fnmol.2021.748359,PMC8545892,review,
/Users/aretesofia/IbogaineVault/2021/Luz2021_Toxicity_Therapeutic_Potential.md,false,Taylor & Francis,academic-retained,169,10.1080/17425255.2021.1944099,,review,
/Users/aretesofia/IbogaineVault/2021/Ona2021_Adverse_Events_Ibogaine_Updated_Review_2015-2020.md,false,Springer Nature,vault-analytical,132,10.1007/s00213-021-05964-y,,systematic-review,
/Users/aretesofia/IbogaineVault/2021/Shi2021_NAM_Ibogaine_Cardiotoxicity.md,unknown,Bentham Open,vault-analytical,128,10.14573/altex.2103311,,in-vitro,
/Users/aretesofia/IbogaineVault/2021/Underwood2021_Narrative_Review_Ibogaine_Literature.md,false,Akadémiai Kiadó,academic-retained,811,10.1556/2054.2021.00152,,review,
/Users/aretesofia/IbogaineVault/2022/Fernandes-Nascimento2022_Microdosing_Bipolar.md,true,Brazilian Journal Publisher,academic-retained,102,10.47626/1516-4446-2021-2359,PMC9375667,case-report,
/Users/aretesofia/IbogaineVault/2022/Kargbo2022_Ibogaine_and_Analogs_Therapeutics_Neurological_Psychiatric_Disorders.md,true,American Chemical Society,narrative,223,10.1021/acsmedchemlett.2c00214,PMC9190277,review,narrative-review
/Users/aretesofia/IbogaineVault/2022/Kock2022_Systemic_Review_Clinical_Trials_Therapeutic_Applications_Ibogaine.md,false,Elsevier,academic-retained,429,10.1016/j.jsat.2021.108717,,systematic-review,
/Users/aretesofia/IbogaineVault/2022/Malcolm2022_Addiction_Pharmacology_Ibogaine.md,unknown,,vault-analytical,178,,,educational,
/Users/aretesofia/IbogaineVault/2022/Martins2022_Drug_Transporters_Ibogaine_PK.md,true,Frontiers,vault-analytical,125,10.3389/fphar.2022.855000,PMC8931498,preclinical,
/Users/aretesofia/IbogaineVault/2022/Rodriguez-Cano2022_Underground_Ibogaine_Use_for_SUD_Tx_Qualitative_Analysis_Subjective_Experiences.md,false,Wiley,academic-retained,358,10.1111/dar.13587,,qualitative,
/Users/aretesofia/IbogaineVault/2022/Straub2022_Ibogaine_Nicotinic_Acetylcholine_Receptor_Inhibitors_Tx_SUDs.md,true,American Chemical Society,academic-retained,442,10.1021/acs.jmedchem.2c01562,PMC10034762,review,
/Users/aretesofia/IbogaineVault/2023/Alfonso2023_Ibogaine_Atypical_Psychedelic_Review_ES.md,unknown,,academic-retained,304,,,review,
/Users/aretesofia/IbogaineVault/2023/Arias2023_Catharanthine_18-MC.md,false,Elsevier,vault-analytical,130,10.1016/j.ejphar.2022.175454,,preclinical,
/Users/aretesofia/IbogaineVault/2023/Boukandou2023_Mechanisms_Involved_Neuroprotection_Neurotoxicity_Iboga_Alkaloids.md,false,Elsevier,vault-analytical,117,10.1016/j.prenap.2023.100006,,review,
/Users/aretesofia/IbogaineVault/2023/Cherian2023_Ibogaine_Cognitive_Functioning.md,false,Cambridge University Press,hybrid,113,10.1017/S1355617723011049,,observational,
/Users/aretesofia/IbogaineVault/2023/Davis2023_Ibogaine_5MeO-DMT_for_SEALS.md,false,Taylor & Francis,vault-analytical,129,10.1080/00952990.2023.2220874,,observational,
/Users/aretesofia/IbogaineVault/2023/Dickinson2023_Ibogaine_Reduced_Severe_Neuropathic_Pain_Brachial_Plexus_Nerve_Root_Avulsion.md,true,Frontiers,academic-retained,250,10.3389/fpain.2023.1256396,PMC10502345,case-report,
/Users/aretesofia/IbogaineVault/2023/Dickinson2023_Transpersonal_Intersubjectivity_in_Ibogaine_Experiences.md,false,Wiley,academic-retained,287,10.1111/anoc.12172,,case-report,
/Users/aretesofia/IbogaineVault/2023/Faerman2023_Ibogaine_Veterans_PTSD.md,false,Oxford University Press,academic-retained,68,10.1093/sleep/zsad077.0665,,commentary,
/Users/aretesofia/IbogaineVault/2023/Fernandes-Nascimento2023_Scientometric_Analysis_Three_Decades_of_Ibogaine_Research.md,false,Taylor & Francis,vault-analytical,120,10.1080/02791072.2023.2276230,,review,
/Users/aretesofia/IbogaineVault/2023/Kratina2023_Observational_Studies_Combo_Psychedelic_Use_Beyond_Regulated_Contexts.md,false,Taylor & Francis,academic-retained,197,10.1080/00952990.2023.2246637,,commentary,
/Users/aretesofia/IbogaineVault/2023/Mash2023_Ibogaine_Legacy_Psychedelic_Renaissance.md,false,Elsevier,academic-retained,321,10.1016/j.phrs.2022.106620,,review,
/Users/aretesofia/IbogaineVault/2023/Mosca2023_Ibogaine_Noribogaine_SUDs_Systematic_Review.md,false,Bentham Science,academic-retained,410,10.2174/1570159X21666221017085612,,systematic-review,
/Users/aretesofia/IbogaineVault/2023/Nardou2023_Psychedelics_Critical_Period_Reopening.md,true,Springer Nature,vault-analytical,102,10.1038/s41586-023-06204-3,PMC10284704,preclinical,
/Users/aretesofia/IbogaineVault/2023/Ona2023_Ibogaine_Noribogaine_Putative_Anti-Addictive_Effects.md,false,SAGE,vault-analytical,106,10.1177/02698811231200882,,review,
/Users/aretesofia/IbogaineVault/2023/Rocha2023_Setting_Factors_Associated_With_Improved_Ibogaine_Safety.md,false,Springer Nature,vault-analytical,125,10.1007/s00406-023-01590-1,,systematic-review,
/Users/aretesofia/IbogaineVault/2023/Rocha2023_USP_Safety_Protocols.md,true,MDPI,academic-retained,425,10.3390/psychoactives2040024,,guideline,
/Users/aretesofia/IbogaineVault/2024/Biosca-Brull2024_Transcriptomic_Analysis_Single_Ibogaine_Dose.md,true,Springer Nature,academic-retained,279,10.1038/s41398-024-02773-7,PMC10798990,preclinical,
/Users/aretesofia/IbogaineVault/2024/Castro-Nin2024_Noribogaine_Wakefulness_Sleep_Effects.md,false,Springer Nature,vault-analytical,97,10.1007/s00213-024-06572-2,,preclinical,
/Users/aretesofia/IbogaineVault/2024/Chen2024_RIVM_Iboga_Risk_Assessment.md,unknown,RIVM,vault-analytical,183,10.21945/RIVM-2024-0030,,policy-report,
/Users/aretesofia/IbogaineVault/2024/Cherian2024_Ibogaine_Primer_Clinicians.md,false,Lippincott Williams & Wilkins,narrative,151,10.1097/MJT.0000000000001723,,review,narrative-review
/Users/aretesofia/IbogaineVault/2024/Cherian2024_Magnesium_Ibogaine_TBI.md,true,Springer Nature,vault-analytical,148,10.1038/s41591-023-02705-w,PMC10878970,clinical-trial,
/Users/aretesofia/IbogaineVault/2024/Govender2024_Ibogaine_Following_Repeated_Morphine_Upregulates_Myelination.md,true,Frontiers,academic-retained,205,10.3389/fnins.2024.1378841,PMC11303312,preclinical,
/Users/aretesofia/IbogaineVault/2024/Havel2024_OxaIboga_Alkaloids_Lack_Cardiac_Risk_Disrupt_Opioid_Use.md,true,Springer Nature,academic-retained,346,10.1038/s41467-024-51856-y,PMC11415492,preclinical,
/Users/aretesofia/IbogaineVault/2024/Heinsbroek2024_Tabernanthalog_Reduces_Motivation_for_Heroin_Alcohol.md,true,Mary Ann Liebert,narrative,305,10.1089/psymed.2023.0009,PMC10286262,preclinical,narrative-review
/Users/aretesofia/IbogaineVault/2024/Hughes2024_Chemistry_Iboga_Alkaloids.md,true,Wiley,hybrid,117,10.1002/ejoc.202400432,PMC12393092,review,
/Users/aretesofia/IbogaineVault/2024/Ivan2024_Nonclassic_Psychedelic_Ibogaine_Disrupts_Cognitive_Maps.md,true,Elsevier,academic-retained,177,10.1016/j.bpsgos.2023.07.008,PMC10829624,preclinical,
/Users/aretesofia/IbogaineVault/2024/Kamileen2024_Pachysiphine_Synthase.md,true,Cold Spring Harbor,narrative,107,10.1101/2024.06.30.601415,,in-vitro,narrative-review
/Users/aretesofia/IbogaineVault/2024/Knuijver2024_Pharmacokinetics_Pharmacodynamics_Ibogaine_OUD_Patients.md,true,SAGE,vault-analytical,108,10.1177/02698811241237873,PMC11102648,clinical-trial,
/Users/aretesofia/IbogaineVault/2024/Kobr2024_PhD_Ibogaine_Addiction_Treatment_Review.md,true,,narrative,133,,,thesis,narrative-review
/Users/aretesofia/IbogaineVault/2024/Mestre2024_Cardiac_Arrest_Case_Report.md,true,Cureus,academic-retained,182,10.7759/cureus.63487,PMC11287021,case-report,
/Users/aretesofia/IbogaineVault/2024/Ona2024_PhD_Thesis_Opioid_Dependence.md,unknown,,academic-retained,614,,,review,
/Users/aretesofia/IbogaineVault/2024/Ozmat2024_Subjective_Ibogaine_Experiences_Intersection_Social-Ecological_Dimensions.md,false,Akadémiai Kiadó,narrative,343,10.1556/2054.2024.00322,,qualitative,narrative-review
/Users/aretesofia/IbogaineVault/2024/Uzelac2024_Cardiotoxic_Necrosis_Redox.md,true,MDPI,academic-retained,301,10.3390/ijms25126527,PMC11203496,preclinical,
/Users/aretesofia/IbogaineVault/2025/Acuna2025_Ibogaine_Visual_Cortex_Plasticity.md,true,Research Square,academic-retained,205,10.21203/rs.3.rs-8387313/v1,,preclinical,
/Users/aretesofia/IbogaineVault/2025/Ali2025_Ibogaine_Analogs_Review.md,true,American Chemical Society,narrative,278,10.1021/acs.jmedchem.5c02510,PMC12888935,review,narrative-review
/Users/aretesofia/IbogaineVault/2025/Brown2025_Mystical_Experience_PTSD_Veterans.md,false,Elsevier,vault-analytical,135,10.1016/j.jad.2025.120722,,observational,
/Users/aretesofia/IbogaineVault/2025/Carlucci2025_Microdosing_Bipolar_Depression.md,unknown,Psilocybin Technology,hybrid,75,10.46919/archv6n4espec-16449,,case-report,
/Users/aretesofia/IbogaineVault/2025/Chen2025_Multiple_Sclerosis_Neuroimaging.md,true,Frontiers,academic-retained,348,10.3389/fimmu.2025.1535782,PMC11839422,case-report,
/Users/aretesofia/IbogaineVault/2025/Edwards2025_UK_NPIS_Ibogaine_Toxicity_Case_Series.md,false,Taylor & Francis,vault-analytical,106,10.1080/15563650.2024.2447500,,case-series,
/Users/aretesofia/IbogaineVault/2025/Eliasen2025_Ibogaine_DMT_5-HT2A_HEK_Electrophysiology.md,false,Elsevier,hybrid,96,10.1016/j.brainres.2024.149425,,in-vitro,
/Users/aretesofia/IbogaineVault/2025/Eliasen2025_Ibogaine_Sex-Dependent_Firing_Rate.md,false,Elsevier,hybrid,167,10.1016/j.neuroscience.2025.10.001,,preclinical,
/Users/aretesofia/IbogaineVault/2025/Enginsoy2025_PhD_Practitioners_Experiences.md,true,,vault-analytical,172,,,thesis,
/Users/aretesofia/IbogaineVault/2025/Erny2025_Parkinsons_Case_Report.md,false,Akadémiai Kiadó,academic-retained,337,10.1556/2054.2025.00478,,case-report,
/Users/aretesofia/IbogaineVault/2025/Espejito2025_Ibogaine_Experience_Scale_Psychometrics_Subjective.md,true,PLoS,academic-retained,470,10.1371/journal.pone.0333296,PMC12517489,observational,
/Users/aretesofia/IbogaineVault/2025/Faerman2025_MISTIC_12Month_Followup.md,true,,academic-retained,244,,,observational,
/Users/aretesofia/IbogaineVault/2025/Gomes2025_Ibogaine_Tool_Substance_Addiction.md,true,Brill,hybrid,102,10.1163/9789004729759_021,,book-chapter,
/Users/aretesofia/IbogaineVault/2025/Gupta2025_Benzofuran_Iboga_Analogues.md,true,,academic-retained,334,,,preclinical,
/Users/aretesofia/IbogaineVault/2025/Halman2025_Pharmacogenomics_Psychedelic_Therapy.md,true,Wiley,vault-analytical,96,10.1002/cpt.3459,PMC11652822,review,
/Users/aretesofia/IbogaineVault/2025/Hwu2025_Matrix_Pharmacology_VMAT2_SERT.md,false,American Chemical Society,vault-analytical,184,10.1021/jacs.5c06325,,in-vitro,
/Users/aretesofia/IbogaineVault/2025/Iyer2025_Modular_Synthesis_Nature_Chemistry.md,true,Springer Nature,vault-analytical,277,10.1038/s41557-024-01714-7,PMC11952118,in-vitro,
/Users/aretesofia/IbogaineVault/2025/LaTorre2025_Phenomenology_Thematic_Analysis.md,true,Research Square,academic-retained,494,10.21203/rs.3.rs-8022144/v1,,qualitative,
/Users/aretesofia/IbogaineVault/2025/Lytychevskyi2025_Ibogaine_Synthesis_Development.md,true,,vault-analytical,78,,,thesis,
/Users/aretesofia/IbogaineVault/2025/Nicolas2025_Reward_System_Transdiagnostic.md,true,Frontiers,academic-retained,310,10.3389/fphar.2025.1744383,PMC12712375,review,
/Users/aretesofia/IbogaineVault/2025/Polanco2025_War_Trauma_Ibogaine_5-MeO.md,false,Brill,hybrid,152,10.1163/9789004729759_022,,guideline,
/Users/aretesofia/IbogaineVault/2025/QuinnWilliams2025_PhD_Ibogaine_Buproprion_Monoamine_Transporters.md,true,,hybrid,251,,,thesis,
/Users/aretesofia/IbogaineVault/2025/Rocha2025_PhD_Ibogaine_Alcohol_AUD.md,unknown,,hybrid,173,,,clinical-trial,
/Users/aretesofia/IbogaineVault/2025/Samorini2025_Studies_Iboga_Cults_Ethnobotanical_Complex.md,unknown,,narrative,630,,,review,narrative-review
/Users/aretesofia/IbogaineVault/2025/Sijic2025_Total_Synthesis_Review.md,unknown,,vault-analytical,45,,,review,
/Users/aretesofia/IbogaineVault/2025/Soderberg2025_Medical_Subculture_Risk_Management.md,false,Palgrave Macmillan,academic-retained,379,10.1057/s41285-025-00220-1,,qualitative,
/Users/aretesofia/IbogaineVault/2025/Staveley2025_PhD_Ibogaine_Veterans_PTSD.md,true,,narrative,404,,,thesis,narrative-review
/Users/aretesofia/IbogaineVault/2025/Swieczkowski2025_Clinical_Trials_Landscape.md,false,Taylor & Francis,vault-analytical,99,10.1080/02791072.2025.2491385,,systematic-review,
/Users/aretesofia/IbogaineVault/2025/Underwood2025_PhD_Experiences_Part_of_Journey.md,true,,hybrid,314,,,thesis,
/Users/aretesofia/IbogaineVault/2025/Williams2025_Magnesium_Ibogaine_TBI.md,false,Springer Nature,vault-analytical,118,10.1038/s44220-025-00463-x,,observational,
/Users/aretesofia/IbogaineVault/2025/Yockey2025_Reconsidering_Ibogaine.md,false,Elsevier,vault-analytical,101,10.1016/j.glmedi.2025.100213,,review,
/Users/aretesofia/IbogaineVault/2026/Brunt2026_Cardiovascular_Complications_Review.md,false,Wiley,vault-analytical,166,10.1111/add.70319,,review,
/Users/aretesofia/IbogaineVault/2026/Calvey2026_Neurorestorative_Properties_Ibogaine.md,unknown,,vault-analytical,96,,,review,
/Users/aretesofia/IbogaineVault/2026/Esperanca2026_Cardiac_Safety_Translational_Perspectives_Scoping_Review.md,true,MDPI,vault-analytical,99,10.3390/molecules31030545,PMC12899015,systematic-review,
/Users/aretesofia/IbogaineVault/2026/Geoly2026_Cortical_Thickness_Brain_Age_MISTIC.md,false,Elsevier,hybrid,156,10.1016/j.isci.2026.115121,,observational,
/Users/aretesofia/IbogaineVault/2026/Grundmann2026_Indole_Alkaloids_Biased_Opioid_Receptor_Modulators.md,true,Preprints.org,vault-analytical,101,10.20944/preprints202601.2298.v1,,review,
/Users/aretesofia/IbogaineVault/2026/Koutrouli2026_Psilocybin_Ibogaine_Cocaine_Addiction.md,false,Elsevier,academic-retained,73,10.1016/j.nsa.2025.106393,,preclinical,
/Users/aretesofia/IbogaineVault/2026/Olash2026_Subjective_Experience_Magnesium_Ibogaine.md,true,Springer Nature,vault-analytical,149,10.1038/s44184-026-00185-7,PMC12860795,qualitative,
/Users/aretesofia/IbogaineVault/2026/Terasaki2026_Ibogaine_OUD_Unrecognised_Risk.md,false,Lippincott Williams & Wilkins,vault-analytical,78,10.1097/ADM.0000000000001645,,commentary,
/Users/aretesofia/IbogaineVault/Clinical_Guidelines/Aotearoa2014_Client_Info_Sheet.md,true,,narrative,163,,,primary-source,narrative-review
/Users/aretesofia/IbogaineVault/Clinical_Guidelines/GITA2015_Clinical_Guidelines.md,unknown,,hybrid,1047,,,guideline,
/Users/aretesofia/IbogaineVault/Clinical_Guidelines/Lotsof2003_Ibogaine_Therapy_Manual.md,unknown,,hybrid,661,,,guideline,
/Users/aretesofia/IbogaineVault/Clinical_Guidelines/Patterson2014_IACT_Aotearoa_NZ_Guidelines_Integrated_Therapy.md,unknown,,narrative,711,,,guideline,narrative-review
/Users/aretesofia/IbogaineVault/Clinical_Guidelines/Pangea/Pangea_Emergency_Equipment.md,unknown,,academic-retained,212,,,guideline,
/Users/aretesofia/IbogaineVault/Primary_Sources/1996_WBAI_Mash_FDA_Trials_Ibogaine.md,unknown,,vault-analytical,134,,,interview-transcript,
/Users/aretesofia/IbogaineVault/Primary_Sources/2010_Horizons_Clare_Wilkins_400_Sessions.md,unknown,,academic-retained,143,,,conference-talk,
/Users/aretesofia/IbogaineVault/Primary_Sources/2010_MAPS_Clare_Wilkins_Evolution.md,unknown,,narrative,139,,,conference-talk,narrative-review
/Users/aretesofia/IbogaineVault/Primary_Sources/2014_11_MAPS_Clare_Wilkins_Architecture_of_Emergency.md,unknown,,academic-retained,219,,,conference-talk,
/Users/aretesofia/IbogaineVault/Primary_Sources/2017_BC_Clare_Wilkins_Methadone_Detox.md,unknown,,narrative,111,,,conference-talk,narrative-review
/Users/aretesofia/IbogaineVault/Primary_Sources/2017_EntheoScience_Clare_Wilkins_Cannabis_Ethics.md,unknown,,narrative,115,,,conference-talk,narrative-review
/Users/aretesofia/IbogaineVault/Primary_Sources/2017_PS_Clare_Wilkins_Methadone_Detox.md,unknown,,academic-retained,117,,,conference-talk,
/Users/aretesofia/IbogaineVault/Primary_Sources/2020_MYEBOGA_Clare_Wilkins_Interview.md,unknown,,narrative,91,,,interview-transcript,narrative-review
/Users/aretesofia/IbogaineVault/Primary_Sources/2021_Microdose_Clare_Wilkins_Holotropic_Perspective.md,unknown,,academic-retained,116,,,conference-talk,
/Users/aretesofia/IbogaineVault/Primary_Sources/Wachtel2025_Bastiaans_Ibogaine_Historical_Account.md,true,,vault-analytical,87,,,primary-source,
/Users/aretesofia/IbogaineVault/Other/Albert2008_MyEboga_Experience_Reports.md,true,,vault-analytical,124,,,primary-source,
/Users/aretesofia/IbogaineVault/Other/Alper2023_Expert_Testimony_KY.md,true,,vault-analytical,209,,,primary-source,
/Users/aretesofia/IbogaineVault/Other/Busby2024_Beond_Death_Investigation.md,true,,narrative,155,,,journalism,
/Users/aretesofia/IbogaineVault/Other/DeRienzo1995_Ibogaine_Story_Ch1.md,true,,narrative,49,,,book-chapter,narrative-review
/Users/aretesofia/IbogaineVault/Other/DeRienzo1995_Ibogaine_Story_Ch10.md,true,,narrative,88,,,book-chapter,narrative-review
/Users/aretesofia/IbogaineVault/Other/DeRienzo1995_Ibogaine_Story_Ch11.md,true,,narrative,100,,,book-chapter,narrative-review
/Users/aretesofia/IbogaineVault/Other/DeRienzo1995_Ibogaine_Story_Ch12.md,true,,academic-retained,137,,,book-chapter,
/Users/aretesofia/IbogaineVault/Other/DeRienzo1995_Ibogaine_Story_Ch13.md,true,,narrative,101,,,book-chapter,narrative-review
/Users/aretesofia/IbogaineVault/Other/DeRienzo1995_Ibogaine_Story_Ch14.md,true,,narrative,121,,,book-chapter,narrative-review
/Users/aretesofia/IbogaineVault/Other/DeRienzo1995_Ibogaine_Story_Ch15.md,true,,vault-analytical,161,,,book-chapter,
/Users/aretesofia/IbogaineVault/Other/DeRienzo1995_Ibogaine_Story_Ch16.md,true,,vault-analytical,125,,,book-chapter,
/Users/aretesofia/IbogaineVault/Other/DeRienzo1995_Ibogaine_Story_Ch17.md,true,,academic-retained,98,,,book-chapter,
/Users/aretesofia/IbogaineVault/Other/DeRienzo1995_Ibogaine_Story_Ch18.md,true,,vault-analytical,108,,,book-chapter,
/Users/aretesofia/IbogaineVault/Other/DeRienzo1995_Ibogaine_Story_Ch2.md,true,,narrative,65,,,book-chapter,narrative-review
/Users/aretesofia/IbogaineVault/Other/DeRienzo1995_Ibogaine_Story_Ch3.md,true,,narrative,48,,,book-chapter,narrative-review
/Users/aretesofia/IbogaineVault/Other/DeRienzo1995_Ibogaine_Story_Ch4.md,true,,narrative,57,,,book-chapter,narrative-review
/Users/aretesofia/IbogaineVault/Other/DeRienzo1995_Ibogaine_Story_Ch5.md,true,,narrative,84,,,book-chapter,narrative-review
/Users/aretesofia/IbogaineVault/Other/DeRienzo1995_Ibogaine_Story_Ch6.md,true,,narrative,130,,,book-chapter,narrative-review
/Users/aretesofia/IbogaineVault/Other/DeRienzo1995_Ibogaine_Story_Ch7.md,true,,narrative,181,,,book-chapter,narrative-review
/Users/aretesofia/IbogaineVault/Other/DeRienzo1995_Ibogaine_Story_Ch8.md,true,,narrative,85,,,book-chapter,narrative-review
/Users/aretesofia/IbogaineVault/Other/Evans2024_Soneira_Ibogaine_Scramble.md,true,,vault-analytical,71,,,journalism,
/Users/aretesofia/IbogaineVault/Other/Evans2026_Ibogaine_Fatalities_Cover_Ups.md,true,,vault-analytical,108,,,journalism,
/Users/aretesofia/IbogaineVault/Other/Strategic_Implementation_Benzodiazepines_CBD.md,unknown,,academic-retained,90,,,guideline,
/Users/aretesofia/IbogaineVault/Other/deLugo2025_Kush_Sierra_Leone_Synthetics.md,unknown,Global Initiative Against Transnational Organised Crime / Clingendael Institute,vault-analytical,165,,,policy-report,
/Users/aretesofia/IbogaineVault/Industry_Documents/Beond2022_Clinical_Summary.md,unknown,,academic-retained,316,,,industry-report,
/Users/aretesofia/IbogaineVault/Industry_Documents/ICEERS2019_Report_Phase1.md,unknown,,narrative,1502,,,policy-report,narrative-review
/Users/aretesofia/IbogaineVault/Industry_Documents/ICEERS2020_Future_Iboga_Gabon.md,unknown,,vault-analytical,106,,,policy-report,
/Users/aretesofia/IbogaineVault/Industry_Documents/LAPPA2025_Ibogaine_Legislative_Analysis.md,unknown,,vault-analytical,87,,,policy-report,
